[
{
    "model": "apps_consulting.practice",
    "pk": 1,
    "fields": {
        "user": 32,
        "name": "Tree brother impact soldier. Anything relationship eight positive same away benefit.",
        "slug": "when-executive",
        "address": "4451 Payne Summit Suite 347\nMartinfurt, WV 31561",
        "city": "East Cory",
        "state": "Arkansas",
        "zipcode": "97893",
        "phone": "001-790-002-4978x564",
        "website": "Down purpose rule. Guy on thousand player production.",
        "description": "Official special medical. Camera father break note. Bank protect seven matter pass then reduce.",
        "created_at": "1986-07-28T20:43:07Z",
        "updated_at": "1993-03-05T23:16:19Z"
    }
},
{
    "model": "apps_consulting.practice",
    "pk": 2,
    "fields": {
        "user": 38,
        "name": "Per easy yard especially Congress. Ahead country development lot want.",
        "slug": "check-section-bit",
        "address": "USNS Carney\nFPO AA 30317",
        "city": "Royborough",
        "state": "Illinois",
        "zipcode": "97499",
        "phone": "(523)037-4391x483",
        "website": "Must set threat customer factor notice. Camera develop per central. Agency success seven than.",
        "description": "Nature scene spring quickly movement black machine. Pull market hair very door.\nHair society goal region outside.\nAssume player TV college study politics she. Dream later analysis central might.",
        "created_at": "1974-12-07T02:15:01Z",
        "updated_at": "2019-05-31T15:02:23Z"
    }
},
{
    "model": "apps_consulting.practice",
    "pk": 3,
    "fields": {
        "user": 52,
        "name": "Space quite herself. Western just family much at full.",
        "slug": "wall-issue-up",
        "address": "7812 John Wall Suite 686\nPort Donna, AK 03044",
        "city": "Lake Carlberg",
        "state": "Idaho",
        "zipcode": "65936",
        "phone": "467-538-2760x80492",
        "website": "Bank person something policy clear wife. Item yourself charge image fight.",
        "description": "Feeling window style management and science note. Imagine beautiful next parent before. Citizen have offer door.",
        "created_at": "2008-11-15T10:02:37Z",
        "updated_at": "2008-09-19T02:06:30Z"
    }
},
{
    "model": "apps_consulting.practice",
    "pk": 4,
    "fields": {
        "user": 49,
        "name": "Ahead science certainly rock. Speak box none up half today prove by.",
        "slug": "director-whose",
        "address": "3473 Jefferson Groves\nWalkerton, MN 63819",
        "city": "Tinabury",
        "state": "North Dakota",
        "zipcode": "04268",
        "phone": "326-284-7660",
        "website": "Democrat remain pass. Center establish public mean off.",
        "description": "None song about data human meeting. Player dream realize play example.",
        "created_at": "2013-03-23T13:40:36Z",
        "updated_at": "1994-06-23T12:47:18Z"
    }
},
{
    "model": "apps_consulting.practice",
    "pk": 5,
    "fields": {
        "user": 50,
        "name": "Shoulder some voice against. Instead current nature have environmental ahead nature.",
        "slug": "high-station-some",
        "address": "635 Nelson Ramp Suite 897\nLake Jessica, CT 78105",
        "city": "West Rachel",
        "state": "Connecticut",
        "zipcode": "58953",
        "phone": "455-134-2782x2883",
        "website": "Movie agent sort dinner loss area beat clearly. While child high best big.",
        "description": "Computer a table ready. Recently approach hope enjoy school send there. Piece institution beyond either so should. Crime wife step hand fear product hold.",
        "created_at": "1999-05-27T17:37:31Z",
        "updated_at": "1975-12-25T03:47:26Z"
    }
},
{
    "model": "apps_consulting.practice",
    "pk": 6,
    "fields": {
        "user": 42,
        "name": "Reach evidence series moment store deep. Price often travel general movement nature.",
        "slug": "partner-four",
        "address": "37479 Lynch Islands Suite 481\nLake Stephanieborough, CA 74650",
        "city": "Ellisfurt",
        "state": "Maine",
        "zipcode": "79502",
        "phone": "+1-755-845-8092x34667",
        "website": "Serious morning risk. Site their suggest white.\nPlan us security party want.",
        "description": "Stop drop city everybody wonder life. Performance have may gas. Prove ground enough almost matter give.\nInstitution firm dinner task yourself president. Country smile everybody guy bit risk push.",
        "created_at": "2020-08-26T02:59:53Z",
        "updated_at": "1971-02-05T00:02:44Z"
    }
},
{
    "model": "apps_consulting.practice",
    "pk": 7,
    "fields": {
        "user": 34,
        "name": "Fear treat about heavy central kind find. Everybody specific really church.",
        "slug": "catch-vote-response",
        "address": "188 David Springs\nLake Martin, IA 63386",
        "city": "Kylestad",
        "state": "Ohio",
        "zipcode": "79674",
        "phone": "(478)416-8228x499",
        "website": "Toward future stage for reason. Society street often skill little speak life.",
        "description": "It notice hit score particular future least. Development impact skin scene whether respond.",
        "created_at": "1972-02-04T16:46:47Z",
        "updated_at": "2013-08-10T03:58:43Z"
    }
},
{
    "model": "apps_consulting.practice",
    "pk": 8,
    "fields": {
        "user": 44,
        "name": "Number choice our gas thank morning. Animal book performance same.",
        "slug": "out-assume-create",
        "address": "9153 Terry Knoll Apt. 860\nTarafurt, CO 93805",
        "city": "East Sean",
        "state": "South Dakota",
        "zipcode": "61912",
        "phone": "(022)004-1230x8624",
        "website": "Involve notice reduce job business table. Few apply sit executive reveal might factor.",
        "description": "Sort against knowledge room. Life participant budget fear talk catch hospital.",
        "created_at": "1976-12-07T04:05:22Z",
        "updated_at": "1983-06-07T02:47:38Z"
    }
},
{
    "model": "apps_consulting.practice",
    "pk": 9,
    "fields": {
        "user": 47,
        "name": "House several bank law capital score serious. Door capital get institution music move.",
        "slug": "mean-improve-unit",
        "address": "78845 Dorsey Mountain\nEast Heathershire, MD 35738",
        "city": "Oconnortown",
        "state": "Montana",
        "zipcode": "84795",
        "phone": "001-852-763-8543x1405",
        "website": "Yes ability its. General firm per company activity decade. Century guy life piece break interest.",
        "description": "Miss moment born ten subject not series. Turn boy star nothing realize clearly stuff.\nCapital according after spring land animal. This poor research six wrong design.",
        "created_at": "2014-02-15T02:39:26Z",
        "updated_at": "1999-01-16T13:50:47Z"
    }
},
{
    "model": "apps_consulting.practice",
    "pk": 11,
    "fields": {
        "user": 45,
        "name": "Reach city people whole test author.",
        "slug": "beat-tonight",
        "address": "59816 Jeremy Road Apt. 964\nIrwinbury, TX 65530",
        "city": "Moniquehaven",
        "state": "Montana",
        "zipcode": "23325",
        "phone": "(178)257-5143x692",
        "website": "Mr second hold film sometimes. I available near worker of heart sister. Born open shoulder part.",
        "description": "Day great will position provide from. Pass why agency dinner history.\nHigh thing onto purpose throw fire serve. History what some determine. Range mission husband matter clear carry these listen.",
        "created_at": "1975-10-17T17:44:45Z",
        "updated_at": "1992-03-02T19:31:50Z"
    }
},
{
    "model": "apps_consulting.practice",
    "pk": 14,
    "fields": {
        "user": 48,
        "name": "Hour doctor voice cut many. Same part much late.",
        "slug": "respond-here-your",
        "address": "8005 Emily Villages Apt. 401\nPort Nathan, MS 69538",
        "city": "Brooksview",
        "state": "Iowa",
        "zipcode": "53585",
        "phone": "001-316-829-2719x2243",
        "website": "Water PM focus those find. Indicate often allow those entire. Compare watch provide likely ask.",
        "description": "Owner yard strategy skin great rather. Hour who fall medical other fill power. Expect today will ready look.\nTown fish head sometimes. Sense major heavy fear window.",
        "created_at": "2013-01-15T05:55:24Z",
        "updated_at": "2014-11-01T07:09:43Z"
    }
},
{
    "model": "apps_consulting.practice",
    "pk": 15,
    "fields": {
        "user": 36,
        "name": "Body create one. Its down win what.",
        "slug": "create-hundred-eye",
        "address": "58849 Lindsay Harbors Suite 035\nWilsonbury, AL 17985",
        "city": "Hurstshire",
        "state": "Texas",
        "zipcode": "01856",
        "phone": "001-475-014-7077x221",
        "website": "Third military conference mind guy one news camera.",
        "description": "Best her many behind yet evidence operation. Common Congress business interesting. Number economy exist training hear near better figure.",
        "created_at": "1999-12-01T01:34:01Z",
        "updated_at": "1994-09-10T16:32:26Z"
    }
},
{
    "model": "apps_consulting.practice",
    "pk": 16,
    "fields": {
        "user": 43,
        "name": "But spring chair middle.",
        "slug": "us-summer-almost",
        "address": "USCGC Morgan\nFPO AA 97616",
        "city": "Ericksonburgh",
        "state": "Oregon",
        "zipcode": "76731",
        "phone": "(803)364-3324x7406",
        "website": "Cut approach skill. Debate true example together.",
        "description": "Field win model worker by theory their. School continue than imagine long hard office start. Have few might yes rule real visit picture.",
        "created_at": "2022-04-11T23:47:08Z",
        "updated_at": "2010-10-27T06:29:00Z"
    }
},
{
    "model": "apps_consulting.practice",
    "pk": 19,
    "fields": {
        "user": 37,
        "name": "Run moment line think. Significant law Republican bill. Attack culture decade particular several.",
        "slug": "bar-plan-how-try",
        "address": "98775 Tammy Brook\nWatkinsfort, DE 51545",
        "city": "Lake Jefftown",
        "state": "Hawaii",
        "zipcode": "18631",
        "phone": "4725175670",
        "website": "Only finish present. Sea true pull safe better community. Parent parent determine treat day if.",
        "description": "Third around democratic mouth important white. Keep image always debate garden admit others.",
        "created_at": "2013-08-19T03:43:19Z",
        "updated_at": "2000-11-13T03:29:58Z"
    }
},
{
    "model": "apps_consulting.practice",
    "pk": 22,
    "fields": {
        "user": 54,
        "name": "White policy through record. Church explain situation attorney eye many something edge.",
        "slug": "success-event-third",
        "address": "9240 Jackson Union Suite 962\nMichelleberg, MO 34676",
        "city": "Port Michaelberg",
        "state": "California",
        "zipcode": "73887",
        "phone": "+1-092-009-0347x03604",
        "website": "West agree sit own ten local. Pass for a artist weight owner performance right. It member not five.",
        "description": "Hope north already inside time. President catch own.\nMan use perhaps oil statement star dog. Conference family policy fact wish. Really medical size air whom think.",
        "created_at": "1984-07-22T23:10:15Z",
        "updated_at": "1999-05-18T16:44:33Z"
    }
},
{
    "model": "apps_consulting.practice",
    "pk": 23,
    "fields": {
        "user": 40,
        "name": "Able chance cover force forward financial system. Such church animal stay.",
        "slug": "rest-good-customer",
        "address": "70218 Howard Park\nHollyborough, CT 36236",
        "city": "Beckchester",
        "state": "Virginia",
        "zipcode": "95791",
        "phone": "4228901622",
        "website": "Now may down newspaper discussion big skill. Ever them hold every blood.",
        "description": "Foot bad more. Choice idea word appear board. Mother I at boy road attack plan. Always realize above provide myself manage.\nYoung energy economic none war toward. Record maintain my fire.",
        "created_at": "2009-10-15T18:57:48Z",
        "updated_at": "2012-07-16T07:05:33Z"
    }
},
{
    "model": "apps_consulting.practice",
    "pk": 25,
    "fields": {
        "user": 53,
        "name": "Far part letter. Young north position can house question official allow.",
        "slug": "if-country-he-value",
        "address": "44540 Paul Oval\nNew Ashley, CO 06845",
        "city": "Amberside",
        "state": "South Dakota",
        "zipcode": "99552",
        "phone": "+1-778-960-9860x2223",
        "website": "Stage throughout show plant. Land nation full on unit plant.",
        "description": "What middle garden issue. Alone including fill before. Appear such short college fund.\nCollege never business the. Middle rule democratic a bill represent.\nYard TV themselves almost successful.",
        "created_at": "1986-10-14T13:18:10Z",
        "updated_at": "1999-08-28T23:16:53Z"
    }
},
{
    "model": "apps_consulting.practice",
    "pk": 32,
    "fields": {
        "user": 41,
        "name": "However couple civil. Age education why lay. Stuff again happen bag.",
        "slug": "small-hope-year",
        "address": "PSC 9027, Box 8922\nAPO AP 51016",
        "city": "West Wendy",
        "state": "Hawaii",
        "zipcode": "99754",
        "phone": "(452)464-2731x5182",
        "website": "Article soldier board. Cover evening prove analysis little office world.",
        "description": "Politics miss green case important compare see. All policy set eye majority husband success.",
        "created_at": "1994-05-13T00:31:47Z",
        "updated_at": "2004-02-19T17:10:48Z"
    }
},
{
    "model": "apps_consulting.practice",
    "pk": 33,
    "fields": {
        "user": 51,
        "name": "Act cold face some. Provide name suffer debate. Mouth during machine involve study free throw.",
        "slug": "lose-after-impact",
        "address": "21892 Jones Trafficway Suite 544\nEast Lisaberg, NV 12460",
        "city": "Robertland",
        "state": "Nevada",
        "zipcode": "48803",
        "phone": "499.265.0481x08823",
        "website": "Relationship throw their national reason senior.",
        "description": "Month staff really even information follow. Like outside each thank opportunity last step official. First social situation shoulder.",
        "created_at": "2022-03-29T05:17:18Z",
        "updated_at": "1997-11-08T04:16:30Z"
    }
},
{
    "model": "apps_consulting.practice",
    "pk": 41,
    "fields": {
        "user": 35,
        "name": "Figure site method dark. Role bring voice parent generation.",
        "slug": "couple-design-style",
        "address": "094 Heather Falls\nMeganport, NV 31099",
        "city": "North Devon",
        "state": "New Hampshire",
        "zipcode": "72421",
        "phone": "0562092297",
        "website": "Economic peace spend those. Focus same behavior cut tough visit trouble. Dream price race hotel.",
        "description": "Research concern according film ground weight expect official. Measure sister hotel. Serious carry maintain successful understand.\nStreet pull practice. Leg floor thus himself.",
        "created_at": "1983-01-24T16:06:16Z",
        "updated_at": "1996-02-02T05:50:54Z"
    }
},
{
    "model": "apps_consulting.practice",
    "pk": 42,
    "fields": {
        "user": 46,
        "name": "Trade personal animal floor. Performance Republican around someone. Open guess minute.",
        "slug": "it-whose-chair-bill",
        "address": "USCGC Hoffman\nFPO AP 55331",
        "city": "North Carolyn",
        "state": "Florida",
        "zipcode": "42516",
        "phone": "817-708-6729x70759",
        "website": "Rock agency thus position. Deep institution hold long.",
        "description": "Free third point. Leg somebody buy nothing economic than. This bring memory reach plant. Find direction reveal race reason.",
        "created_at": "2009-05-11T20:53:52Z",
        "updated_at": "2000-01-09T13:46:09Z"
    }
},
{
    "model": "apps_consulting.service",
    "pk": 1,
    "fields": {
        "practice": 1,
        "name": "Cell upon figure side design court eye. Spend grow knowledge white kitchen wish.",
        "description": "Staff idea keep beautiful test. Agent do ball vote soon onto attorney.\nWhich fact service Democrat. Oil other upon fight subject.\nSuccess significant involve fall. Rest stock city wind.",
        "price": -20715,
        "created_at": "1997-08-30T15:09:18Z",
        "updated_at": "1982-06-01T07:39:20Z"
    }
},
{
    "model": "apps_consulting.service",
    "pk": 2,
    "fields": {
        "practice": 42,
        "name": "Need list attention top evening continue. A institution walk loss none now.",
        "description": "Maybe fill computer. Tree theory sister apply I itself standard. Free show life plan issue both perhaps physical.\nTrouble ten husband blue professor cultural really. Do sit fear such national.",
        "price": 31114,
        "created_at": "2008-04-21T03:23:04Z",
        "updated_at": "1980-07-23T06:19:50Z"
    }
},
{
    "model": "apps_consulting.service",
    "pk": 3,
    "fields": {
        "practice": 19,
        "name": "Within authority want all recognize evening. Development big hear station.",
        "description": "Generation way authority just present official. Remember military left film. Hospital might sister.\nThen minute ready relationship claim push TV. Rock stage discussion which for vote teach head.",
        "price": 17812,
        "created_at": "1990-03-02T09:21:09Z",
        "updated_at": "2000-07-14T18:53:46Z"
    }
},
{
    "model": "apps_consulting.service",
    "pk": 4,
    "fields": {
        "practice": 19,
        "name": "Their energy dog. Growth north common house chair. Water common over whom share suddenly light.",
        "description": "Major drug another cell yet eat. Race seat southern successful one school away foreign. Relate by suggest medical purpose.",
        "price": 30395,
        "created_at": "1986-09-09T04:38:51Z",
        "updated_at": "2019-12-10T01:33:08Z"
    }
},
{
    "model": "apps_consulting.service",
    "pk": 5,
    "fields": {
        "practice": 14,
        "name": "Street sound suffer weight. First moment piece act.",
        "description": "Which imagine author choose. For decade address project city.\nJust vote where movie note enjoy teacher. Customer pay range. Medical rock safe perhaps some stop.",
        "price": 20739,
        "created_at": "1977-03-30T21:18:37Z",
        "updated_at": "1987-06-17T07:03:54Z"
    }
},
{
    "model": "apps_consulting.service",
    "pk": 6,
    "fields": {
        "practice": 19,
        "name": "Some agency entire. Like group assume we glass.",
        "description": "Order herself with player always popular already. Difficult even sort rule material serve.\nPush list seek a quality prepare. Capital opportunity art field. No treat mean lawyer might.",
        "price": -28994,
        "created_at": "2003-07-15T16:40:26Z",
        "updated_at": "2001-11-04T09:12:13Z"
    }
},
{
    "model": "apps_consulting.service",
    "pk": 7,
    "fields": {
        "practice": 16,
        "name": "Knowledge real man sign operation. Than pressure audience order either glass serious.",
        "description": "Natural billion home education. Control real TV agency operation water along clear. Off traditional skin age agreement public.",
        "price": -7794,
        "created_at": "1981-06-18T06:36:49Z",
        "updated_at": "2000-01-31T22:58:33Z"
    }
},
{
    "model": "apps_consulting.service",
    "pk": 8,
    "fields": {
        "practice": 7,
        "name": "Series small citizen site.",
        "description": "Which stay side exactly city. Share despite born election necessary ball lawyer.\nAuthority force degree expect management quite eight. Next truth catch. Report situation rate camera can blue through.",
        "price": -24613,
        "created_at": "1998-04-25T20:03:12Z",
        "updated_at": "1975-02-14T12:10:07Z"
    }
},
{
    "model": "apps_consulting.service",
    "pk": 9,
    "fields": {
        "practice": 41,
        "name": "Will leave house throughout town wish. Develop contain sing interview stock save.",
        "description": "Meet music enough pick election including hospital. Upon task available look standard along.",
        "price": -3404,
        "created_at": "1985-12-26T14:55:00Z",
        "updated_at": "1985-03-29T17:25:55Z"
    }
},
{
    "model": "apps_consulting.service",
    "pk": 10,
    "fields": {
        "practice": 7,
        "name": "Dream leave east news. Center that wife enjoy.",
        "description": "Next fill professor black. Offer music special. Level specific sister begin vote yes. Scene whom bad account.",
        "price": -7560,
        "created_at": "2005-11-15T05:21:43Z",
        "updated_at": "2011-10-18T12:16:48Z"
    }
},
{
    "model": "apps_consulting.service",
    "pk": 11,
    "fields": {
        "practice": 19,
        "name": "Seat each but argue air measure. Country himself usually carry president.",
        "description": "General contain film industry learn. Conference tend food value here program year answer.\nWorry site section continue lose. Next forget his floor assume.",
        "price": 7034,
        "created_at": "2020-12-27T00:53:23Z",
        "updated_at": "1989-01-31T09:31:40Z"
    }
},
{
    "model": "apps_consulting.service",
    "pk": 12,
    "fields": {
        "practice": 6,
        "name": "Project win building give heavy. Beat local coach fill people. Section picture far we.",
        "description": "Fear serve large interesting ask. Ahead area somebody mother tree mention. Give military once break put matter operation.",
        "price": -19161,
        "created_at": "2000-05-18T20:24:25Z",
        "updated_at": "2011-02-26T02:32:11Z"
    }
},
{
    "model": "apps_consulting.service",
    "pk": 13,
    "fields": {
        "practice": 15,
        "name": "Adult occur market prepare get sister character group. Mouth yourself factor more.",
        "description": "Home reveal news production food. Important out move authority number prove season.\nCover energy type fast western. Garden national crime garden physical movie from.",
        "price": -614,
        "created_at": "1998-09-08T13:43:07Z",
        "updated_at": "2004-11-12T09:52:31Z"
    }
},
{
    "model": "apps_consulting.service",
    "pk": 14,
    "fields": {
        "practice": 15,
        "name": "Similar send from many form. Church affect player themselves short focus.",
        "description": "Perhaps world writer watch career number machine.\nShoulder because trip owner. Build include song bill name determine require talk.",
        "price": -23715,
        "created_at": "1987-06-10T23:48:40Z",
        "updated_at": "2012-01-30T20:03:20Z"
    }
},
{
    "model": "apps_consulting.service",
    "pk": 15,
    "fields": {
        "practice": 9,
        "name": "Her get picture two loss herself.",
        "description": "Eye help recent newspaper. Into allow will including sing. Up success within heavy. Seat say support bit choose town.\nEye indeed best could shoulder. Pattern act study box sister.",
        "price": -11869,
        "created_at": "2017-10-24T08:50:53Z",
        "updated_at": "2018-04-14T07:50:57Z"
    }
},
{
    "model": "apps_consulting.service",
    "pk": 16,
    "fields": {
        "practice": 23,
        "name": "Mr team same spring others six laugh. Run in compare the recognize.",
        "description": "Nice source pattern shake simple bad investment note. Help door bed car. Box large natural rather day itself. Follow address guy rate.",
        "price": -28479,
        "created_at": "1989-08-01T08:00:50Z",
        "updated_at": "1991-07-06T08:45:18Z"
    }
},
{
    "model": "apps_consulting.service",
    "pk": 17,
    "fields": {
        "practice": 16,
        "name": "From out stop enough stay.",
        "description": "As where third address morning. Throughout over front participant each.",
        "price": 12384,
        "created_at": "1979-12-29T00:52:38Z",
        "updated_at": "1977-11-17T04:28:38Z"
    }
},
{
    "model": "apps_consulting.service",
    "pk": 18,
    "fields": {
        "practice": 32,
        "name": "Onto according much loss. Firm from decade game. Usually many success pressure no.",
        "description": "Time situation bed person speak apply. Sort wall main say population left. Recent less down.\nLow seem great. He sport wonder likely.\nCheck life attention interesting option. Provide data ball party.",
        "price": 300,
        "created_at": "1972-01-12T22:19:25Z",
        "updated_at": "1990-01-24T18:21:20Z"
    }
},
{
    "model": "apps_consulting.service",
    "pk": 19,
    "fields": {
        "practice": 32,
        "name": "Hundred now spring address strong. During organization card.",
        "description": "Art protect whatever until body difficult where. Dinner magazine guess us culture say girl. Difficult because rather source positive well sport.",
        "price": 16163,
        "created_at": "1990-02-23T22:18:15Z",
        "updated_at": "1987-04-08T18:29:44Z"
    }
},
{
    "model": "apps_consulting.service",
    "pk": 20,
    "fields": {
        "practice": 15,
        "name": "Peace other property and anything enter. Leader second say outside heavy.",
        "description": "Likely thought yard strategy debate explain individual. Front detail animal drug effort.\nIdea eye lay price organization. Lawyer itself student arm free could.",
        "price": 7773,
        "created_at": "2018-04-03T12:22:24Z",
        "updated_at": "1996-10-18T17:11:08Z"
    }
},
{
    "model": "apps_consulting.service",
    "pk": 21,
    "fields": {
        "practice": 19,
        "name": "That hair member have run eat beat. Dream feeling factor cause go. Treatment picture data.",
        "description": "Main worker choice mother poor natural.",
        "price": -11060,
        "created_at": "2017-03-03T04:31:32Z",
        "updated_at": "1993-12-23T23:52:27Z"
    }
},
{
    "model": "apps_consulting.service",
    "pk": 22,
    "fields": {
        "practice": 22,
        "name": "Any recently reach work. Miss bar trip approach now city real.",
        "description": "Reveal take garden make office beyond. Life majority thousand.\nMember pretty hear test policy career plan discover. Base world couple entire. Hour plant on great office rather wrong chance.",
        "price": -5396,
        "created_at": "1995-09-04T03:39:09Z",
        "updated_at": "2006-11-15T17:13:52Z"
    }
},
{
    "model": "apps_consulting.service",
    "pk": 23,
    "fields": {
        "practice": 22,
        "name": "Movement agreement special hit left rather. Break those factor product.",
        "description": "Record system technology investment job plan. Sense mind scientist. Than art throw administration dark.\nRequire food decade describe. Near fear education front. Old color picture young group.",
        "price": 29789,
        "created_at": "2006-06-07T19:41:06Z",
        "updated_at": "1996-01-22T14:46:42Z"
    }
},
{
    "model": "apps_consulting.slot",
    "pk": 1,
    "fields": {
        "practice": 1,
        "status": "Beat official TV individual see. Series grow boy trip. Worry begin consider son able both.",
        "start_time": "2020-04-28T11:47:00Z",
        "end_time": "1999-01-05T12:34:35Z",
        "created_at": "2020-09-04T05:14:00Z",
        "updated_at": "1975-11-09T23:37:28Z"
    }
},
{
    "model": "apps_consulting.slot",
    "pk": 2,
    "fields": {
        "practice": 15,
        "status": "Method drop loss kind.\nAuthor drive employee world film arm us.",
        "start_time": "1981-02-11T20:42:14Z",
        "end_time": "1986-01-20T20:18:18Z",
        "created_at": "2004-06-14T07:22:17Z",
        "updated_at": "1977-04-12T09:06:06Z"
    }
},
{
    "model": "apps_consulting.slot",
    "pk": 3,
    "fields": {
        "practice": 6,
        "status": "Every lead professor table build through. Long player add and. System support head cause.",
        "start_time": "1975-03-06T21:59:19Z",
        "end_time": "1999-05-02T08:22:04Z",
        "created_at": "2012-01-06T03:18:28Z",
        "updated_at": "1989-05-26T23:16:34Z"
    }
},
{
    "model": "apps_consulting.slot",
    "pk": 4,
    "fields": {
        "practice": 14,
        "status": "Plan difference machine nearly. Eat wrong successful board.",
        "start_time": "1985-06-19T04:14:01Z",
        "end_time": "1976-03-10T03:38:01Z",
        "created_at": "2007-02-10T15:05:01Z",
        "updated_at": "2009-08-18T03:59:58Z"
    }
},
{
    "model": "apps_consulting.slot",
    "pk": 5,
    "fields": {
        "practice": 23,
        "status": "Everybody ability never we name. It significant education every his. Together international last.",
        "start_time": "1979-07-06T17:35:57Z",
        "end_time": "2005-06-20T17:34:38Z",
        "created_at": "1988-09-03T20:18:52Z",
        "updated_at": "1974-11-22T21:48:59Z"
    }
},
{
    "model": "apps_consulting.slot",
    "pk": 6,
    "fields": {
        "practice": 22,
        "status": "Toward force listen build expert without attack.",
        "start_time": "1982-11-13T05:10:40Z",
        "end_time": "1976-02-09T19:25:06Z",
        "created_at": "1976-01-05T09:29:16Z",
        "updated_at": "2017-10-21T16:48:26Z"
    }
},
{
    "model": "apps_consulting.slot",
    "pk": 7,
    "fields": {
        "practice": 9,
        "status": "Price bed energy change happen. Husband lose four television.",
        "start_time": "2011-03-23T21:50:30Z",
        "end_time": "2004-01-10T05:38:10Z",
        "created_at": "2020-04-30T10:18:23Z",
        "updated_at": "1995-09-10T00:36:53Z"
    }
},
{
    "model": "apps_consulting.slot",
    "pk": 8,
    "fields": {
        "practice": 8,
        "status": "Skill after fact various rest. Cost something create mean.",
        "start_time": "2001-01-06T23:47:33Z",
        "end_time": "2001-11-05T07:27:56Z",
        "created_at": "2015-12-31T14:56:13Z",
        "updated_at": "1981-10-26T00:41:46Z"
    }
},
{
    "model": "apps_consulting.slot",
    "pk": 9,
    "fields": {
        "practice": 6,
        "status": "Television teacher just stage hold young on TV.",
        "start_time": "2015-07-25T02:31:41Z",
        "end_time": "2020-11-26T22:41:12Z",
        "created_at": "1982-02-21T06:04:44Z",
        "updated_at": "1988-08-29T22:15:05Z"
    }
},
{
    "model": "apps_consulting.slot",
    "pk": 10,
    "fields": {
        "practice": 41,
        "status": "Lead nor front role heart strategy age. Rather meet the somebody physical ever.",
        "start_time": "2012-04-25T02:00:37Z",
        "end_time": "2000-07-29T18:32:02Z",
        "created_at": "2017-04-02T11:42:39Z",
        "updated_at": "1984-06-22T02:26:55Z"
    }
},
{
    "model": "apps_consulting.slot",
    "pk": 11,
    "fields": {
        "practice": 11,
        "status": "Image win Mr parent throw past score.\nMeasure then worker career available. Fight already rich out.",
        "start_time": "1971-12-23T12:27:13Z",
        "end_time": "2015-07-06T23:53:13Z",
        "created_at": "1975-06-04T17:29:32Z",
        "updated_at": "2007-08-12T16:53:57Z"
    }
},
{
    "model": "apps_consulting.slot",
    "pk": 12,
    "fields": {
        "practice": 42,
        "status": "Fund improve sea open sound.",
        "start_time": "2013-08-04T10:17:40Z",
        "end_time": "2007-04-08T03:37:48Z",
        "created_at": "1982-01-29T02:40:30Z",
        "updated_at": "1971-05-01T13:09:20Z"
    }
},
{
    "model": "apps_consulting.slot",
    "pk": 13,
    "fields": {
        "practice": 42,
        "status": "Series health economic despite. Generation special shoulder task.",
        "start_time": "2002-12-08T21:39:14Z",
        "end_time": "1972-03-21T01:54:19Z",
        "created_at": "1970-07-18T21:35:14Z",
        "updated_at": "2017-03-17T15:08:55Z"
    }
},
{
    "model": "apps_consulting.slot",
    "pk": 14,
    "fields": {
        "practice": 33,
        "status": "Late less unit make call support yard. Leave high culture none. Bed network none sport give can.",
        "start_time": "2003-12-19T11:30:03Z",
        "end_time": "1997-08-17T20:39:05Z",
        "created_at": "1977-11-01T15:00:27Z",
        "updated_at": "1988-05-27T13:30:08Z"
    }
},
{
    "model": "apps_consulting.slot",
    "pk": 15,
    "fields": {
        "practice": 15,
        "status": "Service set seem generation. Collection include somebody someone west. Try their bit artist.",
        "start_time": "1983-01-15T01:32:01Z",
        "end_time": "2005-03-04T23:39:09Z",
        "created_at": "1999-06-02T18:58:06Z",
        "updated_at": "2006-01-01T05:37:29Z"
    }
},
{
    "model": "apps_consulting.slot",
    "pk": 16,
    "fields": {
        "practice": 23,
        "status": "Something billion cell rest receive nature hear. Glass another very draw.",
        "start_time": "1997-08-06T19:43:38Z",
        "end_time": "1987-10-01T15:48:01Z",
        "created_at": "1996-01-16T19:29:27Z",
        "updated_at": "2009-10-28T17:04:51Z"
    }
},
{
    "model": "apps_consulting.slot",
    "pk": 17,
    "fields": {
        "practice": 6,
        "status": "Design poor new like face beyond leg. See however car leader scene.",
        "start_time": "1998-07-18T08:35:49Z",
        "end_time": "1983-09-09T21:17:46Z",
        "created_at": "1989-09-09T14:43:08Z",
        "updated_at": "1979-02-17T22:12:37Z"
    }
},
{
    "model": "apps_consulting.slot",
    "pk": 18,
    "fields": {
        "practice": 16,
        "status": "Specific medical region exist bring him.",
        "start_time": "1995-04-28T09:36:17Z",
        "end_time": "2002-07-19T23:42:14Z",
        "created_at": "1980-10-17T22:25:15Z",
        "updated_at": "2003-11-14T16:08:40Z"
    }
},
{
    "model": "apps_consulting.slot",
    "pk": 19,
    "fields": {
        "practice": 3,
        "status": "Also would check blood. Event after president friend suggest. Already financial under low main.",
        "start_time": "2001-12-12T06:13:20Z",
        "end_time": "2003-06-01T03:27:12Z",
        "created_at": "2009-10-12T14:21:10Z",
        "updated_at": "2021-04-13T03:06:18Z"
    }
},
{
    "model": "apps_consulting.slot",
    "pk": 20,
    "fields": {
        "practice": 32,
        "status": "Edge against test trade bill. Beyond short song want fund traditional at.",
        "start_time": "2003-01-18T08:14:14Z",
        "end_time": "1977-06-09T02:03:42Z",
        "created_at": "2006-06-06T18:06:37Z",
        "updated_at": "1981-03-06T11:55:44Z"
    }
},
{
    "model": "apps_consulting.slot",
    "pk": 21,
    "fields": {
        "practice": 19,
        "status": "Left course population particularly couple opportunity.",
        "start_time": "2006-11-30T08:59:36Z",
        "end_time": "2008-10-20T22:39:49Z",
        "created_at": "1993-06-02T19:35:31Z",
        "updated_at": "2018-11-01T15:20:26Z"
    }
},
{
    "model": "apps_consulting.slot",
    "pk": 22,
    "fields": {
        "practice": 5,
        "status": "Provide health floor. Throw develop poor minute. Treatment partner lose store cover go.",
        "start_time": "2007-05-27T05:47:44Z",
        "end_time": "1974-05-16T13:38:28Z",
        "created_at": "2004-04-26T11:51:34Z",
        "updated_at": "1994-05-02T20:13:25Z"
    }
},
{
    "model": "apps_consulting.slot",
    "pk": 23,
    "fields": {
        "practice": 16,
        "status": "Doctor least politics ready kid western. Image new stuff evening do.",
        "start_time": "1977-12-06T09:29:49Z",
        "end_time": "1970-03-26T16:34:34Z",
        "created_at": "2010-02-02T00:03:58Z",
        "updated_at": "2006-07-22T14:21:46Z"
    }
},
{
    "model": "apps_consulting.billing",
    "pk": 1,
    "fields": {
        "slot": 1,
        "service": 1,
        "user": 32,
        "transaction_id": "Paper growth great paper news. Use right relate agreement government bring.",
        "status": "Who reason man. Theory sound blue receive.",
        "created_at": "2013-05-10T11:43:03Z",
        "updated_at": "1984-10-15T19:46:54Z"
    }
},
{
    "model": "apps_consulting.billing",
    "pk": 2,
    "fields": {
        "slot": 16,
        "service": 17,
        "user": 41,
        "transaction_id": "Prove cut agree letter. Republican decision authority whether kid single blood.",
        "status": "Clearly apply anything hour key name world. There magazine rule challenge want join here.",
        "created_at": "2006-03-13T09:32:38Z",
        "updated_at": "1996-08-25T13:09:29Z"
    }
},
{
    "model": "apps_consulting.billing",
    "pk": 3,
    "fields": {
        "slot": 9,
        "service": 12,
        "user": 33,
        "transaction_id": "Audience you citizen reflect. Ability girl that these room before. Movie knowledge fish laugh day.",
        "status": "Huge check leave. Cover argue interesting fire human wind.",
        "created_at": "1974-12-06T09:49:16Z",
        "updated_at": "1996-04-28T08:59:22Z"
    }
},
{
    "model": "apps_consulting.billing",
    "pk": 4,
    "fields": {
        "slot": 3,
        "service": 4,
        "user": 50,
        "transaction_id": "Strong it worker military tough recognize hit. Million point daughter have.",
        "status": "Minute weight effort cause. Relationship tax food. Thus catch nation let center follow.",
        "created_at": "1982-04-04T12:57:03Z",
        "updated_at": "1971-06-05T16:27:11Z"
    }
},
{
    "model": "apps_consulting.billing",
    "pk": 5,
    "fields": {
        "slot": 20,
        "service": 8,
        "user": 49,
        "transaction_id": "Art evidence spring baby. Easy century up within occur travel.",
        "status": "Moment discuss letter perform herself student. Notice drop white send amount wait down increase.",
        "created_at": "1977-09-04T06:54:48Z",
        "updated_at": "1986-06-17T04:43:14Z"
    }
},
{
    "model": "apps_consulting.billing",
    "pk": 6,
    "fields": {
        "slot": 12,
        "service": 18,
        "user": 37,
        "transaction_id": "Rise help possible board. Talk himself growth her.",
        "status": "Future imagine institution tonight.",
        "created_at": "1985-03-08T13:23:34Z",
        "updated_at": "2013-07-29T04:48:00Z"
    }
},
{
    "model": "apps_consulting.billing",
    "pk": 7,
    "fields": {
        "slot": 23,
        "service": 22,
        "user": 34,
        "transaction_id": "Civil organization meeting protect. Top probably strong itself adult lead into. Sell though under.",
        "status": "Bit film keep forward church. Contain minute pick production level assume.",
        "created_at": "1973-05-21T09:38:37Z",
        "updated_at": "1973-06-20T03:11:43Z"
    }
},
{
    "model": "apps_consulting.billing",
    "pk": 8,
    "fields": {
        "slot": 18,
        "service": 13,
        "user": 54,
        "transaction_id": "Specific design model cover wonder. Which they car.",
        "status": "Enjoy he population happen series. If seem attorney wife country girl.",
        "created_at": "1974-07-15T19:50:07Z",
        "updated_at": "2005-09-15T20:43:26Z"
    }
},
{
    "model": "apps_consulting.billing",
    "pk": 9,
    "fields": {
        "slot": 10,
        "service": 5,
        "user": 47,
        "transaction_id": "Main build power boy also. Recognize run democratic. Ability scene able civil.",
        "status": "Cold heavy think financial concern. Need improve report our left ok. Everybody improve traditional.",
        "created_at": "2003-03-27T02:10:09Z",
        "updated_at": "1993-05-15T01:28:06Z"
    }
},
{
    "model": "apps_consulting.billing",
    "pk": 10,
    "fields": {
        "slot": 8,
        "service": 19,
        "user": 53,
        "transaction_id": "Season use say score guy. Particularly that lay east hour toward.",
        "status": "Today activity race take wonder.",
        "created_at": "1981-06-23T14:53:55Z",
        "updated_at": "2011-09-24T05:55:20Z"
    }
},
{
    "model": "apps_consulting.billing",
    "pk": 11,
    "fields": {
        "slot": 22,
        "service": 6,
        "user": 36,
        "transaction_id": "Represent purpose politics.",
        "status": "Course back vote certain few media.",
        "created_at": "2008-03-02T18:30:48Z",
        "updated_at": "1999-09-04T08:07:10Z"
    }
},
{
    "model": "apps_consulting.billing",
    "pk": 12,
    "fields": {
        "slot": 11,
        "service": 2,
        "user": 39,
        "transaction_id": "Example sense professor. Affect look give note instead represent party. Over former many star.",
        "status": "Behavior total camera white issue car some true. Question almost economic hot write write nearly.",
        "created_at": "2008-03-13T23:03:04Z",
        "updated_at": "1999-06-13T03:40:34Z"
    }
},
{
    "model": "apps_consulting.billing",
    "pk": 13,
    "fields": {
        "slot": 21,
        "service": 21,
        "user": 41,
        "transaction_id": "Catch financial much manage act ahead. Large hospital experience important finally officer.",
        "status": "Like both together fast number. Sport way recognize local term key reason.",
        "created_at": "1997-11-29T18:03:45Z",
        "updated_at": "1990-11-05T18:03:04Z"
    }
},
{
    "model": "apps_consulting.billing",
    "pk": 14,
    "fields": {
        "slot": 10,
        "service": 3,
        "user": 41,
        "transaction_id": "Week city lead rather. Interview bag until here star phone visit.",
        "status": "Likely senior foreign. Like floor argue loss much describe culture. Growth as carry.",
        "created_at": "1978-09-20T06:06:43Z",
        "updated_at": "2018-02-20T17:54:42Z"
    }
},
{
    "model": "apps_consulting.billing",
    "pk": 15,
    "fields": {
        "slot": 20,
        "service": 10,
        "user": 33,
        "transaction_id": "Cut west stuff field couple say far. Event understand end.",
        "status": "News else eat trouble. Place a that southern argue available.",
        "created_at": "2015-02-08T15:21:35Z",
        "updated_at": "1976-10-03T03:52:12Z"
    }
},
{
    "model": "apps_consulting.billing",
    "pk": 16,
    "fields": {
        "slot": 20,
        "service": 8,
        "user": 47,
        "transaction_id": "Change Mr really. Door what goal check participant.",
        "status": "Whom world person lawyer scene near run. Notice place since. Song really yeah memory section.",
        "created_at": "1981-03-18T13:05:53Z",
        "updated_at": "2000-06-15T17:32:15Z"
    }
},
{
    "model": "apps_consulting.billing",
    "pk": 17,
    "fields": {
        "slot": 7,
        "service": 16,
        "user": 49,
        "transaction_id": "Physical already guess ability cover life amount rate. Represent both court capital need.",
        "status": "Pretty consider television city resource. Media reality miss some. Offer those instead realize.",
        "created_at": "1980-01-06T01:10:33Z",
        "updated_at": "2014-08-21T19:22:40Z"
    }
},
{
    "model": "apps_consulting.billing",
    "pk": 18,
    "fields": {
        "slot": 5,
        "service": 3,
        "user": 51,
        "transaction_id": "Floor eye firm they some. Simply throw resource force fact lead like live.\nInside fire away.",
        "status": "Small into next exactly above word almost. Can season blue risk chance.",
        "created_at": "1975-11-13T00:04:48Z",
        "updated_at": "1988-01-06T09:56:05Z"
    }
},
{
    "model": "apps_consulting.billing",
    "pk": 19,
    "fields": {
        "slot": 20,
        "service": 17,
        "user": 40,
        "transaction_id": "Care trouble recently act general feel. Interesting new from. Himself page often know.",
        "status": "Teach material red big next long. Power without theory common role you maybe.",
        "created_at": "2013-04-20T21:56:44Z",
        "updated_at": "1972-07-24T12:56:05Z"
    }
},
{
    "model": "apps_consulting.billing",
    "pk": 20,
    "fields": {
        "slot": 7,
        "service": 15,
        "user": 52,
        "transaction_id": "Production him notice join Mr. Audience federal situation understand.",
        "status": "Move form protect right surface.",
        "created_at": "1991-04-17T18:18:48Z",
        "updated_at": "1986-06-27T04:15:28Z"
    }
},
{
    "model": "apps_consulting.billing",
    "pk": 21,
    "fields": {
        "slot": 12,
        "service": 18,
        "user": 35,
        "transaction_id": "Including hear better provide although knowledge just. Enjoy kid land shake suddenly rule.",
        "status": "Both care Congress adult amount itself. Property effort recognize at more same none.",
        "created_at": "2000-10-18T23:24:18Z",
        "updated_at": "1990-03-12T05:16:36Z"
    }
},
{
    "model": "apps_consulting.billing",
    "pk": 22,
    "fields": {
        "slot": 7,
        "service": 19,
        "user": 51,
        "transaction_id": "Close south religious rise today help. Decision quite direction watch rate interview.",
        "status": "Teacher tonight during free operation type. Month miss raise yeah why. Program wait soon six.",
        "created_at": "1979-07-30T15:12:08Z",
        "updated_at": "1992-07-24T09:34:05Z"
    }
},
{
    "model": "apps_consulting.billing",
    "pk": 23,
    "fields": {
        "slot": 20,
        "service": 17,
        "user": 37,
        "transaction_id": "Direction certainly camera whose because identify stay. Game strategy concern idea.",
        "status": "Today issue administration beat day. Court gas left Republican fill might final.",
        "created_at": "1997-02-22T18:25:51Z",
        "updated_at": "2019-02-16T19:15:31Z"
    }
}
]
